vintage,community,chicago,TOT,H,W,B,AIAN,ASIAN,NHPI,SOR,MULTI,TOT_ADULT,H_ADULT,W_ADULT,B_ADULT,AIAN_ADULT,ASIAN_ADULT,NHPI_ADULT,SOR_ADULT,MULTI_ADULT,TOT_CHILD,H_CHILD,W_CHILD,B_CHILD,AIAN_CHILD,ASIAN_CHILD,NHPI_CHILD,SOR_CHILD,MULTI_CHILD,DI,HOUSING_TOT,HOUSING_OCC,HOUSING_VAC,GC_TOT,GC_INST,GC_CORR,GC_JUV,GC_NURS,GC_INST_OTHER,GC_NONINST,GC_NONINST_COLLEGE,GC_NONINST_MIL,GC_NONINST_OTHER
2000,,FALSE,2481073,318113,1651835,336718,2501,133431,571,2960,34944,1829710,197831,1284630,225466,1813,97960,413,1593,20004,651363,120282,367205,111252,688,35471,158,1367,14940,0.518793502283975,,,,,,,,,,,,,
2000,ALBANY PARK,TRUE,57655,26741,15866,1907,133,10178,19,258,2553,26557,6757,17298,230,43,1472,5,50,702,31098,19984,-1432,1677,90,8706,14,208,1851,0.674906859009713,,,,,,,,,,,,,
2000,ARCHER HEIGHTS,TRUE,12644,5485,6752,74,6,48,7,14,258,5736,3186,1816,43,7,608,0,4,72,6908,2299,4936,31,-1,-560,7,10,186,0.526183741344632,,,,,,,,,,,,,
2000,ARMOUR SQUARE,TRUE,12032,448,2062,2046,9,7305,2,6,154,8433,56,106,8141,8,36,0,4,82,3599,392,1956,-6095,1,7269,2,2,72,0.571555265855768,,,,,,,,,,,,,
2000,ASHBURN,TRUE,39584,6674,14546,17045,34,408,0,37,840,12530,63,78,12256,10,14,0,6,103,27054,6611,14468,4789,24,394,0,31,737,0.650560066047035,,,,,,,,,,,,,
2000,AUBURN GRESHAM,TRUE,55928,347,237,54862,72,45,1,22,342,40796,629,12610,26991,39,96,11,29,391,15132,-282,-12373,27871,33,-51,-10,-7,-49,0.0376608436893167,,,,,,,,,,,,,
2000,AUSTIN,TRUE,117527,4841,5662,105369,100,642,16,68,829,50971,820,990,48660,45,174,3,38,241,66556,4021,4672,56709,55,468,13,30,588,0.19209725746401,,,,,,,,,,,,,
2000,AVALON PARK,TRUE,11147,85,96,10816,16,19,1,12,102,7749,119,89,7445,9,12,1,2,72,3398,-34,7,3371,7,7,0,10,30,0.0582842582180738,,,,,,,,,,,,,
2000,AVONDALE,TRUE,43083,26700,12757,669,83,953,22,64,1835,27875,19364,6082,1517,36,345,5,58,468,15208,7336,6675,-848,47,608,17,6,1367,0.525702159234833,,,,,,,,,,,,,
2000,BELMONT CRAGIN,TRUE,78144,50881,21881,2000,73,1989,14,77,1229,45893,29639,12742,778,78,914,13,74,1655,32251,21242,9139,1222,-5,1075,1,3,-426,0.496087770455044,,,,,,,,,,,,,
2000,BEVERLY,TRUE,21992,643,13814,7006,29,121,4,31,344,21990,539,15084,6040,12,97,5,18,195,2,104,-1270,966,17,24,-1,13,149,0.502822622691197,,,,,,,,,,,,,
2000,BRIDGEPORT,TRUE,33694,10165,13819,354,69,8808,6,26,447,23402,15031,5395,2503,24,173,6,18,252,10292,-4866,8424,-2149,45,8635,0,8,195,0.672149953987439,,,,,,,,,,,,,
2000,BRIGHTON PARK,TRUE,44912,34409,8300,221,59,1288,5,34,596,20476,7231,7872,113,32,4966,3,9,250,24436,27178,428,108,27,-3678,2,25,346,0.37784712254937,,,,,,,,,,,,,
2000,BURNSIDE,TRUE,3294,34,40,3180,1,7,0,0,32,4340,15,33,4263,3,2,0,5,19,-1046,19,7,-1083,-2,5,0,-5,13,0.0676660366459007,,,,,,,,,,,,,
2000,CALUMET HEIGHTS,TRUE,15974,747,206,14817,15,33,5,4,147,14318,95,115,14000,7,5,1,9,86,1656,652,91,817,8,28,4,-5,61,0.137171139297678,,,,,,,,,,,,,
2000,CHATHAM,TRUE,37275,220,121,36538,32,24,20,25,295,18851,3621,418,14558,26,29,2,11,186,18424,-3401,-297,21980,6,-5,18,14,109,0.0390431045922303,,,,,,,,,,,,,
2000,CHICAGO LAWN,TRUE,61412,21534,6190,32240,58,393,9,86,902,15136,158,74,14778,13,9,0,16,88,46276,21376,6116,17462,45,384,9,70,814,0.591024036295519,,,,,,,,,,,,,
2000,CLEARING,TRUE,22331,4688,17047,137,19,152,3,18,267,30795,10653,4002,15317,36,237,7,42,501,-8464,-5965,13045,-15180,-17,-85,-4,-24,-234,0.372953704678159,,,,,,,,,,,,,
2000,DOUGLAS,TRUE,26470,295,1745,22635,61,1390,9,32,303,11587,151,96,11216,17,11,4,7,85,14883,144,1649,11419,44,1379,5,25,218,0.261405895490957,,,,,,,,,,,,,
2000,DUNNING,TRUE,42164,5441,34394,234,29,1315,13,32,706,45346,25810,16633,790,43,1175,6,49,840,-3182,-20369,17761,-556,-14,140,7,-17,-134,0.316664310349959,,,,,,,,,,,,,
2000,EAST GARFIELD PARK,TRUE,20881,207,235,20296,7,25,4,14,93,12029,283,2332,9114,18,179,3,15,85,8852,-76,-2097,11182,-11,-154,1,-1,8,0.055000108126726,,,,,,,,,,,,,
2000,EAST SIDE,TRUE,23653,16113,6951,242,51,57,3,12,224,8216,1784,3523,2563,8,176,3,8,151,15437,14329,3428,-2321,43,-119,0,4,73,0.449366379622551,,,,,,,,,,,,,
2000,EDGEWATER,TRUE,62198,12176,29782,10564,167,7172,71,218,2048,41043,5313,27789,2635,104,3979,25,73,1125,21155,6863,1993,7929,63,3193,46,145,923,0.689154817713327,,,,,,,,,,,,,
2000,EDISON PARK,TRUE,11328,463,10572,19,6,200,0,5,63,11386,531,9731,42,13,942,2,2,123,-58,-68,841,-23,-7,-742,-2,3,-60,0.127004245766702,,,,,,,,,,,,,
2000,ENGLEWOOD,TRUE,40222,347,178,39352,37,27,6,25,250,25775,169,127,25202,31,22,3,31,190,14447,178,51,14150,6,5,3,-6,60,0.0426577030324422,,,,,,,,,,,,,
2000,FOREST GLEN,TRUE,18165,1389,14793,71,25,1586,3,8,290,19311,7491,8498,456,58,1966,5,72,765,-1146,-6102,6295,-385,-33,-380,-2,-64,-475,0.323061843490668,,,,,,,,,,,,,
2000,FULLER PARK,TRUE,3420,116,18,3225,10,6,3,7,35,3357,31,6,3297,6,0,0,1,16,63,85,12,-72,4,6,3,6,19,0.109484627748709,,,,,,,,,,,,,
2000,GAGE PARK,TRUE,39193,31079,4811,2743,61,161,4,21,313,28784,11774,12820,3558,27,235,5,23,342,10409,19305,-8009,-815,34,-74,-1,-2,-29,0.351143963844038,,,,,,,,,,,,,
2000,GARFIELD RIDGE,TRUE,36101,5948,24878,4419,27,328,13,16,472,36114,23119,11190,150,41,1011,8,36,559,-13,-17171,13688,4269,-14,-683,5,-20,-87,0.482727017615427,,,,,,,,,,,,,
2000,GRAND BOULEVARD,TRUE,28006,236,173,27370,26,21,1,26,153,28113,348,2638,23976,41,707,8,49,346,-107,-112,-2465,3394,-15,-686,-7,-23,-193,0.0447618194097612,,,,,,,,,,,,,
2000,GREATER GRAND CROSSING,TRUE,38619,276,146,37779,46,26,6,48,292,54824,4258,11739,37794,61,331,1,31,609,-16205,-3982,-11593,-15,-15,-305,5,17,-317,0.042902820649382,,,,,,,,,,,,,
2000,HEGEWISCH,TRUE,9781,2820,6553,130,26,32,2,17,201,2297,901,1315,21,1,12,1,0,46,7484,1919,5238,109,25,20,1,17,155,0.467392192042224,,,,,,,,,,,,,
2000,HERMOSA,TRUE,26908,22574,3086,649,25,319,2,38,215,14472,7543,5684,609,32,315,6,22,261,12436,15031,-2598,40,-7,4,-4,16,-46,0.282249877128414,,,,,,,,,,,,,
2000,HUMBOLDT PARK,TRUE,65836,31607,2184,31207,85,239,23,64,427,24814,9738,10290,3766,55,525,11,25,404,41022,21869,-8106,27441,30,-286,12,39,23,0.54367153830845,,,,,,,,,,,,,
2000,HYDE PARK,TRUE,29920,1230,13020,11290,31,3366,16,131,836,30919,293,865,29181,47,199,5,25,304,-999,937,12155,-17891,-16,3167,11,106,532,0.653102759318968,,,,,,,,,,,,,
2000,IRVING PARK,TRUE,58643,25401,25912,1121,139,4362,29,125,1554,40327,7350,30754,262,26,1202,14,27,692,18316,18051,-4842,859,113,3160,15,98,862,0.610533187361853,,,,,,,,,,,,,
2000,JEFFERSON PARK,TRUE,25859,2881,21101,81,42,1237,10,27,480,25464,9606,8509,653,53,5558,5,100,980,395,-6725,12592,-572,-11,-4321,5,-73,-500,0.319081296465129,,,,,,,,,,,,,
2000,KENWOOD,TRUE,18363,301,2915,13900,35,785,7,56,364,10699,447,3668,5319,13,938,9,40,265,7664,-146,-753,8581,22,-153,-2,16,99,0.399314662638455,,,,,,,,,,,,,
2000,LAKE VIEW,TRUE,94817,8268,75363,4193,139,5143,53,166,1492,103865,5934,87462,3927,131,4924,50,175,1262,-9048,2334,-12099,266,8,219,3,-9,230,0.355497305714173,,,,,,,,,,,,,
2000,LINCOLN PARK,TRUE,64320,3254,54341,3323,86,2325,22,134,835,66521,2316,51076,8015,69,4039,35,100,871,-2201,938,3265,-4692,17,-1714,-13,34,-36,0.279512000592498,,,,,,,,,,,,,
2000,LINCOLN SQUARE,TRUE,44574,11831,23716,1342,116,5921,20,147,1481,14351,2799,10115,700,43,485,3,26,180,30223,9032,13601,642,73,5436,17,121,1301,0.626789929162924,,,,,,,,,,,,,
2000,LOGAN SQUARE,TRUE,82715,53833,21742,4290,164,1087,23,210,1366,57073,27704,9673,18455,101,482,24,70,564,25642,26129,12069,-14165,63,605,-1,140,802,0.504188390485097,,,,,,,,,,,,,
2000,LOOP,TRUE,16388,975,10169,3221,37,1625,14,26,321,7330,125,1032,5665,13,404,4,17,70,9058,850,9137,-2444,24,1221,10,9,251,0.562566758129039,,,,,,,,,,,,,
2000,LOWER WEST SIDE,TRUE,44031,39144,3587,774,66,121,5,33,301,30039,1308,12911,7512,40,7753,15,41,459,13992,37836,-9324,-6738,26,-7632,-10,-8,-158,0.202658481873269,,,,,,,,,,,,,
2000,MCKINLEY PARK,TRUE,15962,9819,4607,116,22,1212,0,5,181,10271,2797,5225,137,17,1908,1,15,171,5691,7022,-618,-21,5,-696,-1,-10,10,0.532340316898166,,,,,,,,,,,,,
2000,MONTCLARE,TRUE,12646,4865,6892,264,16,337,3,6,263,10879,7334,2416,586,12,391,3,14,123,1767,-2469,4476,-322,4,-54,0,-8,140,0.553401474009881,,,,,,,,,,,,,
2000,MORGAN PARK,TRUE,25226,533,7510,16816,13,83,4,34,233,21156,441,19788,187,7,622,0,7,104,4070,92,-12278,16629,6,-539,4,27,129,0.466450868388254,,,,,,,,,,,,,
2000,MOUNT GREENWOOD,TRUE,18820,723,17127,672,12,61,7,12,206,15165,3185,11021,136,23,661,3,6,130,3655,-2462,6106,536,-11,-600,4,6,76,0.168940564506748,,,,,,,,,,,,,
2000,NEAR NORTH SIDE,TRUE,72811,2805,50397,13884,68,4434,43,97,1083,67262,4161,57787,2001,78,2511,22,25,677,5549,-1356,-7390,11883,-10,1923,21,72,406,0.479134099303249,,,,,,,,,,,,,
2000,NEAR SOUTH SIDE,TRUE,9509,377,2393,6052,10,516,5,27,129,5659,118,1284,3161,43,933,5,12,103,3850,259,1109,2891,-33,-417,0,15,26,0.526890935975428,,,,,,,,,,,,,
2000,NEAR WEST SIDE,TRUE,46419,4415,11731,24546,52,4861,85,81,648,40115,3341,8940,22790,49,4342,79,50,524,6304,1074,2791,1756,3,519,6,31,124,0.636296538830115,,,,,,,,,,,,,
2000,NEW CITY,TRUE,51721,25948,6789,18252,48,146,9,48,481,46916,24783,11116,10118,62,263,1,27,546,4805,1165,-4327,8134,-14,-117,8,21,-65,0.606445698239841,,,,,,,,,,,,,
2000,NORTH CENTER,TRUE,31895,6496,21938,1333,110,1324,12,72,610,33166,3269,25713,1667,56,1852,17,60,532,-1271,3227,-3775,-334,54,-528,-5,12,78,0.481570917230888,,,,,,,,,,,,,
2000,NORTH LAWNDALE,TRUE,41768,1896,383,39164,46,54,4,10,211,51296,27656,2126,21168,33,86,0,22,205,-9528,-25760,-1743,17996,13,-32,4,-12,6,0.118628802165507,,,,,,,,,,,,,
2000,NORTH PARK,TRUE,18514,2652,10336,452,37,4415,14,29,579,25839,3605,20508,91,40,915,6,20,654,-7325,-953,-10172,361,-3,3500,8,9,-75,0.609356476001642,,,,,,,,,,,,,
2000,NORWOOD PARK,TRUE,37543,2404,33176,332,43,1212,13,6,357,20215,3725,10917,535,44,4376,10,37,571,17328,-1321,22259,-203,-1,-3164,3,-31,-214,0.213797045488046,,,,,,,,,,,,,
2000,OAKLAND,TRUE,6110,58,40,5957,2,8,1,2,42,4186,30,37,4080,3,5,0,10,21,1924,28,3,1877,-1,3,1,-8,21,0.0492726098987198,,,,,,,,,,,,,
2000,OHARE,TRUE,11665,761,9486,249,15,864,6,16,268,5037,64,4665,17,2,274,0,1,14,6628,697,4821,232,13,590,6,15,254,0.327973397950978,,,,,,,,,,,,,
2000,PORTAGE PARK,TRUE,65340,15022,45418,336,106,2467,21,91,1879,40207,15717,19813,768,86,2830,17,71,905,25133,-695,25605,-432,20,-363,4,20,974,0.461692456748805,,,,,,,,,,,,,
2000,PULLMAN,TRUE,8921,795,757,7262,7,15,0,4,81,9843,148,82,9500,20,7,0,6,80,-922,647,675,-2238,-13,8,0,-2,1,0.322119953371171,,,,,,,,,,,,,
2000,RIVERDALE,TRUE,9809,160,66,9479,11,7,3,13,70,1,0,1,0,0,0,0,0,0,9808,160,65,9479,11,7,3,13,70,0.0657874403034965,,,,,,,,,,,,,
2000,ROGERS PARK,TRUE,63484,17639,20170,18767,194,4063,47,313,2291,22603,625,16765,2444,26,2409,7,31,296,40881,17014,3405,16323,168,1654,40,282,1995,0.729032547462114,,,,,,,,,,,,,
2000,ROSELAND,TRUE,52723,363,276,51568,51,31,4,40,390,33178,14695,7856,10183,56,59,4,20,305,19545,-14332,-7580,41385,-5,-28,0,20,85,0.0432025922470117,,,,,,,,,,,,,
2000,SOUTH CHICAGO,TRUE,38596,10565,1135,26253,62,49,8,32,492,25225,525,203,24215,28,32,5,11,206,13371,10040,932,2038,34,17,3,21,286,0.461365957761216,,,,,,,,,,,,,
2000,SOUTH DEERING,TRUE,16990,5176,1287,10335,22,8,1,9,152,25800,1975,5569,17923,28,36,6,24,239,-8810,3201,-4282,-7588,-6,-28,-5,-15,-87,0.531340479685277,,,,,,,,,,,,,
2000,SOUTH LAWNDALE,TRUE,91071,75613,3210,11759,61,116,2,34,276,52197,46651,4203,786,71,137,5,34,310,38874,28962,-993,10973,-10,-21,-3,0,-34,0.292735704811223,,,,,,,,,,,,,
2000,SOUTH SHORE,TRUE,61556,636,703,59405,71,85,12,63,581,40973,3394,836,36165,51,50,9,32,436,20583,-2758,-133,23240,20,35,3,31,145,0.0683359254000615,,,,,,,,,,,,,
2000,UPTOWN,TRUE,63551,12674,26784,13415,255,8206,49,196,1972,29955,6169,20285,774,91,1968,20,78,570,33596,6505,6499,12641,164,6238,29,118,1402,0.720380334766561,,,,,,,,,,,,,
2000,WASHINGTON HEIGHTS,TRUE,29843,231,193,29108,33,9,9,12,248,36071,1892,24545,7111,34,2050,20,25,394,-6228,-1661,-24352,21997,-1,-2041,-11,-13,-146,0.0484788351918879,,,,,,,,,,,,,
2000,WASHINGTON PARK,TRUE,14146,134,74,13798,21,5,4,8,102,16138,575,8130,4918,16,2071,6,51,371,-1992,-441,-8056,8880,5,-2066,-2,-43,-269,0.0484241823104327,,,,,,,,,,,,,
2000,WEST ELSDON,TRUE,15921,7875,7461,74,12,136,1,5,357,12797,1694,10826,40,10,89,2,7,129,3124,6181,-3365,34,2,47,-1,-2,228,0.535132733542995,,,,,,,,,,,,,
2000,WEST ENGLEWOOD,TRUE,45282,459,164,44271,40,29,2,29,288,36143,263,173,35391,36,35,8,21,216,9139,196,-9,8880,4,-6,-6,8,72,0.043997101597993,,,,,,,,,,,,,
2000,WEST GARFIELD PARK,TRUE,23019,201,133,22564,20,18,1,22,60,6620,60,80,6452,0,3,0,3,22,16399,141,53,16112,20,15,1,19,38,0.0390231487346866,,,,,,,,,,,,,
2000,WEST LAWN,TRUE,29235,15179,12540,760,30,272,4,20,430,9403,1351,1053,6846,15,53,0,6,79,19832,13828,11487,-6086,15,219,4,14,351,0.545456701910344,,,,,,,,,,,,,
2000,WEST PULLMAN,TRUE,36649,1699,328,34277,47,16,3,29,250,19259,2145,16726,107,13,91,9,5,163,17390,-446,-16398,34170,34,-75,-6,24,87,0.12297700946181,,,,,,,,,,,,,
2000,WEST RIDGE,TRUE,73199,11353,36403,4962,170,16347,36,373,3555,36447,1034,27399,3243,76,4066,18,46,565,36752,10319,9004,1719,94,12281,18,327,2990,0.671763438273687,,,,,,,,,,,,,
2000,WEST TOWN,TRUE,87435,40966,34445,7979,159,1510,58,152,2166,91179,19802,25392,42764,115,1237,36,112,1721,-3744,21164,9053,-34785,44,273,22,40,445,0.616035918866985,,,,,,,,,,,,,
2000,WOODLAWN,TRUE,27086,288,761,25518,35,207,5,21,251,37415,353,467,36111,38,65,5,29,347,-10329,-65,294,-10593,-3,142,0,-8,-96,0.111379146070622,,,,,,,,,,,,,
2010,,FALSE,2499426,465936,1423888,393516,2585,173998,486,3524,35493,1888735,297791,1154103,279579,1862,134196,408,2120,18676,610691,168145,269785,113937,723,39802,78,1404,16817,0.610867310151043,986243,920997,65246,,,,,,,,,,
2010,ALBANY PARK,TRUE,51542,25487,15054,2076,119,7430,22,159,1195,38620,17310,12755,1492,84,6111,13,95,760,12922,8177,2299,584,35,1319,9,64,435,0.647218039426457,17982,16322,1660,,,,,,,,,,
2010,ARCHER HEIGHTS,TRUE,13393,10182,2874,130,15,138,0,11,43,9396,6582,2570,94,10,113,0,6,21,3997,3600,304,36,5,25,0,5,22,0.37576177599047,4250,3844,406,,,,,,,,,,
2010,ARMOUR SQUARE,TRUE,13391,464,1642,1419,4,9721,1,2,138,11072,370,1475,1090,4,8035,1,0,97,2319,94,167,329,0,1686,0,2,41,0.445446422342999,5756,5247,509,,,,,,,,,,
2010,ASHBURN,TRUE,41081,15132,6251,18976,45,276,1,26,374,29390,9268,5568,14039,32,240,1,19,223,11691,5864,683,4937,13,36,0,7,151,0.627671442075789,13060,12451,609,,,,,,,,,,
2010,AUBURN GRESHAM,TRUE,48743,459,134,47661,81,33,2,24,349,36062,292,121,35286,64,28,0,21,250,12681,167,13,12375,17,5,2,3,99,0.0437524024176862,20351,17603,2748,,,,,,,,,,
2010,AUSTIN,TRUE,98514,8722,4364,83837,161,573,13,61,783,71540,5669,3748,60991,118,504,12,40,458,26974,3053,616,22846,43,69,1,21,325,0.265870627400756,38214,32792,5422,,,,,,,,,,
2010,AVALON PARK,TRUE,10185,153,81,9751,18,19,4,12,147,7943,95,71,7644,13,18,2,3,97,2242,58,10,2107,5,1,2,9,50,0.0829022436905467,4295,3924,371,,,,,,,,,,
2010,AVONDALE,TRUE,39262,25295,11166,991,69,1194,5,88,454,29548,17249,10106,743,54,1044,4,66,282,9714,8046,1060,248,15,150,1,22,172,0.502341464240182,15339,13573,1766,,,,,,,,,,
2010,BELMONT CRAGIN,TRUE,78743,62101,11959,2493,74,1537,8,151,420,55271,41085,10692,1808,47,1274,5,81,279,23472,21016,1267,685,27,263,3,70,141,0.353542477602697,23634,21591,2043,,,,,,,,,,
2010,BEVERLY,TRUE,20034,915,11785,6838,23,112,9,31,321,14890,547,8900,5152,16,79,5,17,174,5144,368,2885,1686,7,33,4,14,147,0.535084929843086,7915,7546,369,,,,,,,,,,
2010,BRIDGEPORT,TRUE,31977,8627,11225,672,41,11038,7,30,337,25190,5817,9782,537,35,8777,7,22,213,6787,2810,1443,135,6,2261,0,8,124,0.684281688144468,13749,12223,1526,,,,,,,,,,
2010,BRIGHTON PARK,TRUE,45368,38693,3682,542,40,2252,0,44,115,29920,24449,3254,353,33,1731,0,23,77,15448,14244,428,189,7,521,0,21,38,0.263411438482379,14060,12187,1873,,,,,,,,,,
2010,BURNSIDE,TRUE,2916,20,19,2849,2,0,0,0,26,2120,11,18,2068,0,0,0,0,23,796,9,1,781,2,0,0,0,3,0.0452559644438425,1247,1077,170,,,,,,,,,,
2010,CALUMET HEIGHTS,TRUE,13812,569,126,12897,17,26,0,22,155,11004,425,110,10308,12,23,0,19,107,2808,144,16,2589,5,3,0,3,48,0.126190986000497,5915,5514,401,,,,,,,,,,
2010,CHATHAM,TRUE,31028,311,112,30160,69,27,2,24,323,24147,197,102,23514,57,27,2,20,228,6881,114,10,6646,12,0,0,4,95,0.0549387131342851,16382,13712,2670,,,,,,,,,,
2010,CHICAGO LAWN,TRUE,55628,25141,2419,27403,72,190,2,82,319,37582,15786,2217,19102,55,163,2,54,203,18046,9355,202,8301,17,27,0,28,116,0.55113681626133,18467,15557,2910,,,,,,,,,,
2010,CLEARING,TRUE,23139,10484,11921,282,27,212,4,34,175,17414,6735,10146,196,25,176,4,25,107,5725,3749,1775,86,2,36,0,9,68,0.528996606716851,9074,8467,607,,,,,,,,,,
2010,DOUGLAS,TRUE,18238,465,1810,13247,41,2313,3,21,338,15443,393,1745,10754,35,2214,3,14,285,2795,72,65,2493,6,99,0,7,53,0.445496052902202,10205,8557,1648,,,,,,,,,,
2010,DUNNING,TRUE,41932,9997,29512,308,40,1587,6,48,434,33538,6873,24797,243,35,1314,6,29,241,8394,3124,4715,65,5,273,0,19,193,0.44622193785646,16348,15373,975,,,,,,,,,,
2010,EAST GARFIELD PARK,TRUE,20567,850,698,18696,24,83,1,19,196,14427,563,614,13018,17,75,1,13,126,6140,287,84,5678,7,8,0,6,70,0.170697096529606,8764,7020,1744,,,,,,,,,,
2010,EAST SIDE,TRUE,23042,18076,3969,777,39,53,5,13,110,15944,11740,3590,476,29,43,3,12,51,7098,6336,379,301,10,10,2,1,59,0.353751610342114,7649,6948,701,,,,,,,,,,
2010,EDGEWATER,TRUE,56521,9318,30889,8104,98,6582,13,140,1377,49663,7012,28606,6997,88,5816,12,90,1042,6858,2306,2283,1107,10,766,1,50,335,0.639432155847629,32889,29516,3373,,,,,,,,,,
2010,EDISON PARK,TRUE,11341,876,10032,29,3,271,1,8,121,8909,583,8028,21,3,217,1,4,52,2432,293,2004,8,0,54,0,4,69,0.210863368637309,5040,4797,243,,,,,,,,,,
2010,ENGLEWOOD,TRUE,30654,325,105,29847,53,34,8,16,266,21286,210,94,20711,37,32,6,15,181,9368,115,11,9136,16,2,2,1,85,0.0517551206367081,14518,10248,4270,,,,,,,,,,
2010,FOREST GLEN,TRUE,18508,2126,13815,137,22,1989,2,14,403,13976,1425,10696,91,18,1566,2,9,169,4532,701,3119,46,4,423,0,5,234,0.417561300602187,7182,6864,318,,,,,,,,,,
2010,FULLER PARK,TRUE,2876,132,47,2651,0,7,0,0,39,2165,83,39,2009,0,6,0,0,28,711,49,8,642,0,1,0,0,11,0.147783391783906,1533,1174,359,,,,,,,,,,
2010,GAGE PARK,TRUE,39894,35589,1892,2161,23,121,5,29,74,25745,22303,1706,1553,17,102,4,14,46,14149,13286,186,608,6,19,1,15,28,0.198980209019284,10323,9384,939,,,,,,,,,,
2010,GARFIELD RIDGE,TRUE,34513,13515,18372,2040,29,346,3,30,178,26355,8871,15452,1605,23,279,3,18,104,8158,4644,2920,435,6,67,0,12,74,0.559667879292924,13106,11927,1179,,,,,,,,,,
2010,GRAND BOULEVARD,TRUE,21929,395,391,20645,33,57,2,19,387,16344,264,337,15402,28,48,2,10,253,5585,131,54,5243,5,9,0,9,134,0.112713193864509,12113,9888,2225,,,,,,,,,,
2010,GREATER GRAND CROSSING,TRUE,32602,388,180,31590,77,21,4,28,314,23483,234,141,22813,51,15,3,16,210,9119,154,39,8777,26,6,1,12,104,0.0608469074107851,15517,12585,2932,,,,,,,,,,
2010,HEGEWISCH,TRUE,9426,4671,4235,364,22,48,0,1,85,7047,3028,3702,216,15,39,0,0,47,2379,1643,533,148,7,9,0,1,38,0.550971172863192,3862,3537,325,,,,,,,,,,
2010,HERMOSA,TRUE,25010,21860,1913,757,16,294,1,37,132,17432,14806,1701,558,15,255,1,22,74,7578,7054,212,199,1,39,0,15,58,0.229100516530693,7767,6981,786,,,,,,,,,,
2010,HUMBOLDT PARK,TRUE,56323,30046,2502,23030,56,222,25,63,379,38984,20168,2265,16006,46,207,16,42,234,17339,9878,237,7024,10,15,9,21,145,0.546192793291441,20310,17093,3217,,,,,,,,,,
2010,HYDE PARK,TRUE,25681,1626,11992,7815,37,3185,2,93,931,22676,1341,10906,6847,33,2832,2,73,642,3005,285,1086,968,4,353,0,20,289,0.668623786304893,14477,12693,1784,,,,,,,,,,
2010,IRVING PARK,TRUE,53359,24332,22234,1736,124,3736,6,131,1060,41113,16752,18944,1365,103,3211,5,97,636,12246,7580,3290,371,21,525,1,34,424,0.612064067829719,22420,20376,2044,,,,,,,,,,
2010,JEFFERSON PARK,TRUE,25448,4927,17475,265,71,2256,11,32,411,20259,3342,14635,207,56,1768,10,27,214,5189,1585,2840,58,15,488,1,5,197,0.482727829153194,11005,10137,868,,,,,,,,,,
2010,KENWOOD,TRUE,17841,542,2942,12821,17,973,4,60,482,14301,409,2534,10146,15,839,3,31,324,3540,133,408,2675,2,134,1,29,158,0.451745445535923,10311,9179,1132,,,,,,,,,,
2010,LAKE VIEW,TRUE,94368,7198,75845,3651,110,5653,44,140,1727,85752,6130,69752,3174,101,5207,43,110,1235,8616,1068,6093,477,9,446,1,30,492,0.342799811511848,59529,54425,5104,,,,,,,,,,
2010,LINCOLN PARK,TRUE,64116,3571,53138,2753,54,3296,17,116,1171,56540,3015,47319,2368,48,2942,16,84,748,7576,556,5819,385,6,354,1,32,423,0.305199252621079,36864,33536,3328,,,,,,,,,,
2010,LINCOLN SQUARE,TRUE,39493,7562,24916,1488,72,4399,11,128,917,32911,5513,21793,1217,53,3660,9,75,591,6582,2049,3123,271,19,739,2,53,326,0.550926365187987,19906,18194,1712,,,,,,,,,,
2010,LOGAN SQUARE,TRUE,73595,37340,29175,3913,111,1904,29,169,954,58244,26422,26295,2870,95,1739,25,125,673,15351,10918,2880,1043,16,165,4,44,281,0.581748310530785,32947,29781,3166,,,,,,,,,,
2010,LOOP,TRUE,29283,2010,18359,3361,46,4658,16,81,752,27779,1840,17632,3204,45,4379,16,61,602,1504,170,727,157,1,279,0,20,150,0.563074885522622,20557,15494,5063,,,,,,,,,,
2010,LOWER WEST SIDE,TRUE,35769,29486,4447,1108,50,371,2,43,262,26088,20325,4236,899,42,349,1,37,199,9681,9161,211,209,8,22,1,6,63,0.303874130799353,13983,12110,1873,,,,,,,,,,
2010,MCKINLEY PARK,TRUE,15612,10111,2667,234,23,2445,2,9,121,11325,6791,2368,174,18,1899,2,5,68,4287,3320,299,60,5,546,0,4,53,0.526561790929397,5569,4981,588,,,,,,,,,,
2010,MONTCLARE,TRUE,13426,7248,5041,598,21,377,0,29,112,10092,4818,4389,476,18,295,0,16,80,3334,2430,652,122,3,82,0,13,32,0.564740693473374,4829,4442,387,,,,,,,,,,
2010,MORGAN PARK,TRUE,22530,619,6459,15039,11,92,8,24,278,17039,392,5070,11319,9,68,3,11,167,5491,227,1389,3720,2,24,5,13,111,0.471317186395848,8949,8179,770,,,,,,,,,,
2010,MOUNT GREENWOOD,TRUE,19093,1382,16413,987,34,126,3,6,142,14565,856,12674,818,22,97,3,2,93,4528,526,3739,169,12,29,0,4,49,0.253014966158322,7374,6990,384,,,,,,,,,,
2010,NEAR NORTH SIDE,TRUE,80484,3974,58033,8732,79,8140,25,163,1338,74527,3550,55231,6804,71,7663,25,130,1053,5957,424,2802,1928,8,477,0,33,285,0.455367354304332,62364,51714,10650,,,,,,,,,,
2010,NEAR SOUTH SIDE,TRUE,21390,1202,10281,6015,18,3307,3,60,504,18622,989,9301,5029,16,2920,3,42,322,2768,213,980,986,2,387,0,18,182,0.662279022608468,14349,12050,2299,,,,,,,,,,
2010,NEAR WEST SIDE,TRUE,54881,5048,23042,17303,84,8022,28,142,1212,47098,4100,21558,12894,74,7428,27,117,900,7783,948,1484,4409,10,594,1,25,312,0.693996508632543,29813,26298,3515,,,,,,,,,,
2010,NEW CITY,TRUE,44377,25431,4697,13148,58,727,6,49,261,29056,15794,3767,8715,43,518,6,34,179,15321,9637,930,4433,15,209,0,15,82,0.572303777334495,15944,12680,3264,,,,,,,,,,
2010,NORTH CENTER,TRUE,31867,4330,24634,738,55,1449,16,51,594,25846,3293,20246,602,49,1268,13,39,336,6021,1037,4388,136,6,181,3,12,258,0.381012016171974,16197,14561,1636,,,,,,,,,,
2010,NORTH LAWNDALE,TRUE,35912,2144,492,32835,78,74,1,23,265,24227,1388,428,22116,55,65,0,14,161,11685,756,64,10719,23,9,1,9,104,0.160206195848856,14702,11484,3218,,,,,,,,,,
2010,NORTH PARK,TRUE,17931,3224,8847,573,42,4600,17,69,559,14050,2276,7250,410,35,3663,15,39,362,3881,948,1597,163,7,937,2,30,197,0.656410339859827,7052,6546,506,,,,,,,,,,
2010,NORWOOD PARK,TRUE,36742,4421,29919,164,54,1677,1,38,468,29189,2923,24541,120,35,1334,1,24,211,7553,1498,5378,44,19,343,0,14,257,0.320169108015875,15699,14798,901,,,,,,,,,,
2010,OAKLAND,TRUE,5918,87,122,5567,17,35,2,8,80,4084,58,105,3821,12,32,2,3,51,1834,29,17,1746,5,3,0,5,29,0.114234403925862,2975,2589,386,,,,,,,,,,
2010,OHARE,TRUE,12559,1193,9703,389,15,1043,2,24,190,10457,888,8243,319,11,851,2,14,129,2102,305,1460,70,4,192,0,10,61,0.385985762457194,6544,6007,537,,,,,,,,,,
2010,PORTAGE PARK,TRUE,64124,24861,34329,856,107,2972,21,115,863,49468,16666,29085,650,77,2427,12,79,472,14656,8195,5244,206,30,545,9,36,391,0.560570414319636,24783,22804,1979,,,,,,,,,,
2010,PULLMAN,TRUE,7325,571,522,6122,8,5,0,8,89,5457,400,490,4503,6,5,0,4,49,1868,171,32,1619,2,0,0,4,40,0.290186574101038,3385,2940,445,,,,,,,,,,
2010,RIVERDALE,TRUE,6482,132,32,6251,7,2,0,4,54,3766,81,21,3627,5,2,0,1,29,2716,51,11,2624,2,0,0,3,25,0.0694941804047399,2763,2099,664,,,,,,,,,,
2010,ROGERS PARK,TRUE,54991,13433,21618,14461,142,3523,39,202,1573,44566,9068,19983,11195,123,2949,38,146,1064,10425,4365,1635,3266,19,574,1,56,509,0.711690021644475,27564,24292,3272,,,,,,,,,,
2010,ROSELAND,TRUE,44619,458,188,43447,64,27,7,33,395,33219,273,172,32420,46,25,7,27,249,11400,185,16,11027,18,2,0,6,146,0.0516392442875456,17875,15492,2383,,,,,,,,,,
2010,SOUTH CHICAGO,TRUE,31198,6774,599,23296,52,67,18,55,337,22288,4790,543,16566,40,61,10,43,235,8910,1984,56,6730,12,6,8,12,102,0.394776120234119,13997,11064,2933,,,,,,,,,,
2010,SOUTH DEERING,TRUE,15109,4809,725,9354,31,18,1,15,156,10841,3297,648,6739,24,16,1,7,109,4268,1512,77,2615,7,2,0,8,47,0.512991269771428,5705,5187,518,,,,,,,,,,
2010,SOUTH LAWNDALE,TRUE,79288,65457,3056,10374,63,113,2,97,126,55672,43191,2845,9331,46,99,2,59,99,23616,22266,211,1043,17,14,0,38,27,0.299839495228653,21108,18131,2977,,,,,,,,,,
2010,SOUTH SHORE,TRUE,49767,854,640,47289,120,101,3,73,687,37824,538,584,35991,94,93,3,49,472,11943,316,56,11298,26,8,0,24,215,0.096442325773237,27483,22286,5197,,,,,,,,,,
2010,UPTOWN,TRUE,56362,8009,29098,11275,191,6414,10,130,1235,48997,6265,27182,8876,172,5470,10,102,920,7365,1744,1916,2399,19,944,0,28,315,0.659807378144908,32541,29719,2822,,,,,,,,,,
2010,WASHINGTON HEIGHTS,TRUE,26493,258,121,25793,36,12,4,18,251,20285,154,100,19799,33,11,0,14,174,6208,104,21,5994,3,1,4,4,77,0.0519380284280291,10365,9482,883,,,,,,,,,,
2010,WASHINGTON PARK,TRUE,11717,104,87,11370,13,12,0,2,129,7743,58,75,7506,8,12,0,2,82,3974,46,12,3864,5,0,0,0,47,0.0580956881117342,5455,4334,1121,,,,,,,,,,
2010,WEST ELSDON,TRUE,18109,14314,3250,255,15,222,0,13,40,12590,9225,2957,176,9,189,0,7,27,5519,5089,293,79,6,33,0,6,13,0.342647720210891,5272,4957,315,,,,,,,,,,
2010,WEST ENGLEWOOD,TRUE,35505,774,130,34178,67,19,0,28,309,24925,499,114,24051,38,14,0,24,185,10580,275,16,10127,29,5,0,4,124,0.0727842965721957,13422,10417,3005,,,,,,,,,,
2010,WEST GARFIELD PARK,TRUE,18001,348,133,17315,22,8,1,10,164,12426,186,111,12002,21,6,1,7,92,5575,162,22,5313,1,2,0,3,72,0.0742523606196462,8104,5875,2229,,,,,,,,,,
2010,WEST LAWN,TRUE,33355,26669,4924,1390,28,210,3,18,113,22918,17178,4435,1016,22,175,3,16,73,10437,9491,489,374,6,35,0,2,40,0.337137720322893,9362,8766,596,,,,,,,,,,
2010,WEST PULLMAN,TRUE,29640,1509,166,27583,45,14,2,13,308,21229,1021,151,19800,32,13,2,9,201,8411,488,15,7783,13,1,0,4,107,0.131248640910904,11266,9487,1779,,,,,,,,,,
2010,WEST RIDGE,TRUE,71942,14701,30706,8015,189,16184,3,225,1919,53626,9779,24565,5600,113,12216,3,166,1184,18316,4922,6141,2415,76,3968,0,59,735,0.712324357015945,27466,24755,2711,,,,,,,,,,
2010,WEST TOWN,TRUE,81432,23856,46390,6391,121,3030,28,159,1457,68837,17710,42416,4682,104,2789,26,121,989,12595,6146,3974,1709,17,241,2,38,468,0.581773667237189,41384,37761,3623,,,,,,,,,,
2010,WOODLAWN,TRUE,25983,543,1707,22654,42,567,0,34,436,19293,424,1557,16450,34,526,0,25,277,6690,119,150,6204,8,41,0,9,159,0.234314254562446,13641,10745,2896,,,,,,,,,,
2020,,FALSE,2529711,563314,1272050,398065,2323,218874,432,9004,65649,1971638,388717,1053660,307635,1814,173335,366,6441,39670,558073,174597,218390,90430,509,45539,66,2563,25979,0.664628054935002,1002660,944504,58156,32852,20134,0,227,18905,1002,12718,6281,0,6437
2020,ALBANY PARK,TRUE,48396,22688,14608,2168,112,7035,26,319,1440,38234,16675,12522,1772,86,5972,25,219,963,10162,6013,2086,396,26,1063,1,100,477,0.665046476228934,18254,17161,1093,1328,422,0,6,416,0,906,889,0,17
2020,ARCHER HEIGHTS,TRUE,14196,11664,1662,124,13,611,3,22,97,10334,8176,1515,80,9,464,3,20,67,3862,3488,147,44,4,147,0,2,30,0.309222528921469,4405,4163,242,28,0,0,0,0,0,28,0,0,28
2020,ARMOUR SQUARE,TRUE,13845,594,1532,1521,6,9999,2,22,169,11651,481,1402,1092,6,8535,2,16,117,2194,113,130,429,0,1464,0,6,52,0.452106731377328,6063,5633,430,73,0,0,0,0,0,73,0,0,73
2020,ASHBURN,TRUE,41098,19157,3610,17440,22,211,2,124,532,31424,13019,3364,14319,22,182,2,90,426,9674,6138,246,3121,0,29,0,34,106,0.594729854316,13387,12909,478,559,451,0,0,451,0,108,0,0,108
2020,AUBURN GRESHAM,TRUE,44878,1612,191,42059,63,43,4,113,793,35238,1048,168,33254,50,36,3,77,602,9640,564,23,8805,13,7,1,36,191,0.120053991080723,20664,18071,2593,123,0,0,0,0,0,123,0,0,123
2020,AUSTIN,TRUE,96557,18590,3794,72013,99,369,10,222,1460,74073,12751,3274,56445,76,330,5,159,1033,22484,5839,520,15568,23,39,5,63,427,0.404909326419464,39477,35864,3613,1076,850,0,15,800,35,226,0,0,226
2020,AVALON PARK,TRUE,9492,193,46,8952,9,17,2,35,238,7865,118,43,7446,9,15,2,29,203,1627,75,3,1506,0,2,0,6,35,0.109460198834017,4589,4165,424,1,0,0,0,0,0,1,0,0,1
2020,AVONDALE,TRUE,36257,18968,13291,1103,64,1617,5,177,1032,29731,14355,12016,953,46,1467,5,138,751,6526,4613,1275,150,18,150,0,39,281,0.588179057166394,15937,14578,1359,148,68,0,0,68,0,80,0,0,80
2020,BELMONT CRAGIN,TRUE,78116,63967,8867,2633,72,1638,13,280,646,58356,46303,7880,2069,54,1404,12,198,436,19760,17664,987,564,18,234,1,82,210,0.314906163164701,24881,23450,1431,215,162,0,0,162,0,53,0,0,53
2020,BEVERLY,TRUE,19923,1178,11009,6839,16,158,3,84,636,15471,827,8513,5503,16,131,3,61,417,4452,351,2496,1336,0,27,0,23,219,0.572226315807149,8082,7649,433,49,0,0,0,0,0,49,0,0,49
2020,BRIDGEPORT,TRUE,33747,7408,10353,900,34,14210,7,124,711,27525,5631,9144,701,33,11450,4,109,453,6222,1777,1209,199,1,2760,3,15,258,0.679223721868348,14629,13354,1275,37,0,0,0,0,0,37,0,0,37
2020,BRIGHTON PARK,TRUE,45053,36756,2474,591,27,4895,5,123,182,32686,25981,2185,425,21,3881,4,67,122,12367,10775,289,166,6,1014,1,56,60,0.319390072192065,14825,13592,1233,15,0,0,0,0,0,15,0,0,15
2020,BURNSIDE,TRUE,2527,65,4,2386,8,4,0,4,56,1998,44,4,1903,8,0,0,3,36,529,21,0,483,0,4,0,1,20,0.107311162124168,1192,1036,156,0,0,0,0,0,0,0,0,0,0
2020,CALUMET HEIGHTS,TRUE,13088,612,104,12067,28,19,0,39,219,10877,430,99,10117,23,15,0,33,160,2211,182,5,1950,5,4,0,6,59,0.14738993164944,6022,5518,504,1,0,0,0,0,0,1,0,0,1
2020,CHATHAM,TRUE,31676,476,168,30245,25,39,6,81,636,25642,306,148,24580,18,30,5,62,493,6034,170,20,5665,7,9,1,19,143,0.0876456359559595,17139,15033,2106,2,0,0,0,0,0,2,0,0,2
2020,CHICAGO LAWN,TRUE,55931,32949,1571,20443,38,145,6,168,611,40617,22495,1413,15966,33,126,3,134,447,15314,10454,158,4477,5,19,3,34,164,0.518442562441808,19003,17041,1962,27,0,0,0,0,0,27,0,0,27
2020,CLEARING,TRUE,24468,14468,8761,557,25,277,0,76,304,18823,10159,7771,395,22,234,0,55,187,5645,4309,990,162,3,43,0,21,117,0.521342799925458,9271,8883,388,2,0,0,0,0,0,2,0,0,2
2020,DOUGLAS,TRUE,20291,881,1847,14264,28,2539,14,154,564,17048,679,1731,11599,21,2413,10,140,455,3243,202,116,2665,7,126,4,14,109,0.479169967466682,11068,9878,1190,1807,542,0,0,542,0,1265,1197,0,68
2020,DUNNING,TRUE,43147,15040,24110,816,31,2141,3,151,855,34768,10862,20793,659,25,1784,2,88,555,8379,4178,3317,157,6,357,1,63,300,0.563026193847677,16390,15746,644,186,152,0,0,5,147,34,0,0,34
2020,EAST GARFIELD PARK,TRUE,19992,1664,1035,16681,19,96,7,53,437,14718,1121,912,12239,13,85,5,42,301,5274,543,123,4442,6,11,2,11,136,0.293686847488095,8986,7828,1158,413,239,239,0,0,0,174,0,0,174
2020,EAST SIDE,TRUE,21763,17866,2630,910,39,64,4,72,178,16194,12858,2412,658,26,53,2,58,127,5569,5008,218,252,13,11,2,14,51,0.309624134708086,7693,7010,683,9,0,0,0,0,0,9,0,0,9
2020,EDGEWATER,TRUE,56296,8466,30962,6820,73,7316,16,367,2276,50190,6909,28689,6026,69,6428,13,310,1746,6106,1557,2273,794,4,888,3,57,530,0.64165685034779,33216,30466,2750,3031,601,0,0,601,0,2430,2256,0,174
2020,EDISON PARK,TRUE,11525,1239,9538,62,6,308,0,67,305,8956,843,7598,53,6,255,0,42,159,2569,396,1940,9,0,53,0,25,146,0.302056188329624,4960,4733,227,1,0,0,0,0,0,1,0,0,1
2020,ENGLEWOOD,TRUE,24369,1605,179,21941,41,27,4,67,505,18036,1009,150,16405,38,27,4,48,355,6333,596,29,5536,3,0,0,19,150,0.18450957870357,12626,9597,3029,176,84,0,84,0,0,92,0,0,92
2020,FOREST GLEN,TRUE,19596,2647,13388,208,11,2476,1,93,772,14792,1786,10447,159,9,1937,1,71,382,4804,861,2941,49,2,539,0,22,390,0.497338199375914,7271,7021,250,41,29,0,0,29,0,12,0,0,12
2020,FULLER PARK,TRUE,2482,395,65,1926,0,13,0,14,69,1956,247,52,1602,0,11,0,9,35,526,148,13,324,0,2,0,5,34,0.370998668251865,1439,1115,324,6,0,0,0,0,0,6,0,0,6
2020,GAGE PARK,TRUE,39540,36132,1393,1398,52,231,7,193,134,28397,25588,1199,1138,49,182,3,142,96,11143,10544,194,260,3,49,4,51,38,0.162391019741698,10890,10353,537,32,0,0,0,0,0,32,0,0,32
2020,GARFIELD RIDGE,TRUE,35444,19091,13604,1751,54,451,14,106,373,27492,13407,11925,1426,40,374,9,72,239,7952,5684,1679,325,14,77,5,34,134,0.559843954686126,12773,12237,536,290,229,0,0,229,0,61,0,0,61
2020,GRAND BOULEVARD,TRUE,24589,754,633,22262,30,85,1,99,725,19182,523,554,17385,19,78,1,75,547,5407,231,79,4877,11,7,0,24,178,0.177813687706277,12730,11278,1452,221,169,0,0,169,0,52,0,0,52
2020,GREATER GRAND CROSSING,TRUE,31471,668,163,29779,27,25,2,104,703,23553,424,133,22355,13,19,2,92,515,7918,244,30,7424,14,6,0,12,188,0.103648377341514,15608,12756,2852,508,385,0,14,371,0,123,0,0,123
2020,HEGEWISCH,TRUE,9988,5763,3109,874,12,44,1,30,155,7620,4028,2796,611,9,40,1,26,109,2368,1735,313,263,3,4,0,4,46,0.562260736111207,4048,3671,377,1,0,0,0,0,0,1,0,0,1
2020,HERMOSA,TRUE,24062,20448,2141,842,31,290,1,67,242,18073,15027,1899,657,17,258,0,42,173,5989,5421,242,185,14,32,1,25,69,0.268434526021255,8127,7544,583,45,0,0,0,0,0,45,0,0,45
2020,HUMBOLDT PARK,TRUE,54173,31737,4775,16147,41,429,7,185,852,41113,23264,4177,12516,35,373,4,120,624,13060,8473,598,3631,6,56,3,65,228,0.559851714936948,21207,19072,2135,351,0,0,0,0,0,351,0,0,351
2020,HYDE PARK,TRUE,29456,2450,12022,8369,31,4796,14,177,1597,26092,2026,10854,7415,22,4430,13,139,1193,3364,424,1168,954,9,366,1,38,404,0.716298078781311,16719,14818,1901,2901,0,0,0,0,0,2901,2558,0,343
2020,IRVING PARK,TRUE,51940,21468,22165,1945,112,4203,16,268,1763,41762,16203,18906,1625,89,3652,16,189,1082,10178,5265,3259,320,23,551,0,79,681,0.637921100277282,22878,21342,1536,338,266,0,28,238,0,72,0,0,72
2020,JEFFERSON PARK,TRUE,26216,6325,15767,431,40,2731,2,101,819,21248,4634,13391,355,29,2235,1,82,521,4968,1691,2376,76,11,496,1,19,298,0.567961845740776,11183,10585,598,12,0,0,0,0,0,12,0,0,12
2020,KENWOOD,TRUE,19116,763,3121,12965,27,1364,5,104,767,15820,605,2661,10702,22,1234,5,66,525,3296,158,460,2263,5,130,0,38,242,0.505025260476221,11234,10097,1137,162,116,0,0,116,0,46,0,0,46
2020,LAKE VIEW,TRUE,103050,9340,77133,3917,95,7717,23,417,4408,91595,8000,69498,3541,71,6961,21,351,3152,11455,1340,7635,376,24,756,2,66,1256,0.422632119764928,61920,57721,4199,305,93,0,0,93,0,212,73,0,139
2020,LINCOLN PARK,TRUE,70492,4928,54378,2895,35,5169,18,303,2766,60770,4113,47674,2533,28,4315,18,193,1896,9722,815,6704,362,7,854,0,110,870,0.391422523123594,38649,35570,3079,2798,364,0,0,364,0,2434,2194,0,240
2020,LINCOLN SQUARE,TRUE,40494,7069,25342,1601,66,4516,6,182,1712,33741,5534,21751,1301,53,3830,6,141,1125,6753,1535,3591,300,13,686,0,41,587,0.562062817433325,20431,19143,1288,525,500,0,41,429,30,25,0,0,25
2020,LOGAN SQUARE,TRUE,72779,26125,37312,3106,64,3166,19,314,2673,61011,20420,33198,2491,58,2807,18,237,1782,11768,5705,4114,615,6,359,1,77,891,0.603227127468336,35339,32689,2650,351,253,0,17,236,0,98,0,0,98
2020,LOOP,TRUE,42298,3502,24092,3808,56,8749,21,241,1829,39697,3146,22995,3617,50,8181,21,218,1469,2601,356,1097,191,6,568,0,23,360,0.615933574488802,28477,24134,4343,3493,632,632,0,0,0,2861,2672,0,189
2020,LOWER WEST SIDE,TRUE,33751,23974,6377,1544,45,980,10,143,678,27768,18841,5970,1360,42,890,10,126,529,5983,5133,407,184,3,90,0,17,149,0.45638741982356,15649,13730,1919,286,0,0,0,0,0,286,0,0,286
2020,MCKINLEY PARK,TRUE,15923,8908,2173,255,15,4294,1,42,235,12424,6686,1974,186,10,3405,1,22,140,3499,2222,199,69,5,889,0,20,95,0.59519488786409,5992,5538,454,33,0,0,0,0,0,33,0,0,33
2020,MONTCLARE,TRUE,14401,8841,3883,881,12,476,2,114,192,11386,6529,3470,728,12,422,2,97,126,3015,2312,413,153,0,54,0,17,66,0.545328800083087,5248,5010,238,121,121,0,0,121,0,0,0,0,0
2020,MORGAN PARK,TRUE,21177,964,5830,13649,36,73,3,102,520,16741,620,4725,10905,32,61,3,55,340,4436,344,1105,2744,4,12,0,47,180,0.506091506574414,8856,8167,689,550,496,0,30,466,0,54,0,0,54
2020,MOUNT GREENWOOD,TRUE,18628,1994,15256,753,18,116,1,99,391,14072,1251,11799,626,15,97,1,67,216,4556,743,3457,127,3,19,0,32,175,0.315667398988245,7298,6850,448,348,0,0,0,0,0,348,198,0,150
2020,NEAR NORTH SIDE,TRUE,105481,6587,73970,8576,109,12313,25,411,3490,97937,5873,70410,7031,97,11358,23,356,2789,7544,714,3560,1545,12,955,2,55,701,0.482981848554562,77429,66685,10744,1705,200,0,0,200,0,1505,1338,0,167
2020,NEAR SOUTH SIDE,TRUE,28795,2101,12781,6570,36,5781,5,182,1339,24872,1705,11477,5590,31,4990,5,153,921,3923,396,1304,980,5,791,0,29,418,0.703093785485237,17500,15774,1726,338,157,0,0,157,0,181,0,0,181
2020,NEAR WEST SIDE,TRUE,67881,6616,29142,16361,94,12743,22,519,2384,58936,5448,26895,12837,79,11453,21,468,1735,8945,1168,2247,3524,15,1290,1,51,649,0.711565730384567,37435,33918,3517,4122,68,0,53,0,15,4054,3464,0,590
2020,NEW CITY,TRUE,43713,29497,4174,8214,29,1216,7,103,473,31035,20018,3475,6200,24,921,6,67,324,12678,9479,699,2014,5,295,1,36,149,0.499337574297417,15985,13838,2147,308,160,16,0,144,0,148,0,0,148
2020,NORTH CENTER,TRUE,35114,4503,25799,780,24,2162,8,144,1694,26760,3414,20003,627,15,1759,8,79,855,8354,1089,5796,153,9,403,0,65,839,0.437110293203969,15936,14931,1005,56,52,0,0,0,52,4,0,0,4
2020,NORTH LAWNDALE,TRUE,34794,4047,835,29111,47,105,3,89,557,24948,2731,729,20933,39,87,1,68,360,9846,1316,106,8178,8,18,2,21,197,0.28560949947569,15193,12838,2355,587,311,141,55,115,0,276,0,0,276
2020,NORTH PARK,TRUE,17559,3352,7973,743,26,4735,3,143,584,13784,2528,6210,566,26,3961,2,97,394,3775,824,1763,177,0,774,1,46,190,0.681695704124853,7098,6658,440,197,178,0,0,178,0,19,19,0,0
2020,NORWOOD PARK,TRUE,38001,6222,27977,359,47,2196,6,177,1017,30240,4330,23105,269,36,1761,3,130,606,7761,1892,4872,90,11,435,3,47,411,0.427007323418568,15884,15186,698,404,363,0,0,363,0,41,0,0,41
2020,OAKLAND,TRUE,6799,204,179,6149,1,59,0,34,173,5116,144,156,4618,1,53,0,29,115,1683,60,23,1531,0,6,0,5,58,0.179723617246344,3442,3217,225,0,0,0,0,0,0,0,0,0,0
2020,OHARE,TRUE,13171,1463,8984,374,15,1944,3,48,340,10730,1114,7511,327,11,1493,3,33,238,2441,349,1473,47,4,451,0,15,102,0.499122903654015,6414,6014,400,11,0,0,0,0,0,11,0,0,11
2020,PORTAGE PARK,TRUE,63020,27634,28496,1378,120,3527,15,253,1597,49898,20141,24424,1057,107,2966,14,178,1011,13122,7493,4072,321,13,561,1,75,586,0.598987927142462,25130,23436,1694,106,1,0,0,1,0,105,0,0,105
2020,PULLMAN,TRUE,6820,493,444,5704,10,8,1,9,151,5375,371,409,4460,10,5,0,8,112,1445,122,35,1244,0,3,1,1,39,0.290536545093352,3501,2995,506,1,0,0,0,0,0,1,0,0,1
2020,RIVERDALE,TRUE,7262,206,41,6830,9,6,2,8,160,4361,114,33,4119,4,6,2,5,78,2901,92,8,2711,5,0,0,3,82,0.114111205104367,2799,2523,276,14,0,0,0,0,0,14,0,0,14
2020,ROGERS PARK,TRUE,55628,12587,22292,13819,116,3820,12,516,2466,47166,9510,20718,11108,106,3347,12,439,1926,8462,3077,1574,2711,10,473,0,77,540,0.719731399140255,28531,26402,2129,3386,1330,0,36,1294,0,2056,1728,0,328
2020,ROSELAND,TRUE,38816,926,257,36626,40,47,5,95,820,30569,576,209,29029,30,36,5,83,601,8247,350,48,7597,10,11,0,12,219,0.108589079604606,17381,15080,2301,559,234,0,0,217,17,325,195,0,130
2020,SOUTH CHICAGO,TRUE,27300,5741,549,20228,32,44,1,84,621,20843,4242,466,15526,17,39,0,61,492,6457,1499,83,4702,15,5,1,23,129,0.40583112077178,13679,11017,2662,158,0,0,0,0,0,158,0,0,158
2020,SOUTH DEERING,TRUE,14105,4713,487,8590,29,17,2,51,216,10848,3463,448,6696,29,13,2,26,171,3257,1250,39,1894,0,4,0,25,45,0.516021447992037,5918,5311,607,52,0,0,0,0,0,52,0,0,52
2020,SOUTH LAWNDALE,TRUE,71399,61970,2328,6246,100,206,12,146,391,52732,44507,2093,5529,75,171,9,93,255,18667,17463,235,717,25,35,3,53,136,0.23792093285771,22065,20069,1996,5137,5047,4678,0,369,0,90,0,0,90
2020,SOUTH SHORE,TRUE,51720,1307,860,47828,77,130,13,170,1335,40529,855,772,37550,63,116,13,105,1055,11191,452,88,10278,14,14,0,65,280,0.143239178598067,28582,24358,4224,929,761,0,0,761,0,168,0,0,168
2020,UPTOWN,TRUE,57182,7587,29871,10800,90,6182,18,278,2356,51160,6408,28092,8764,87,5617,18,243,1931,6022,1179,1779,2036,3,565,0,35,425,0.660425962505495,35019,32215,2804,2100,1122,0,0,981,141,978,0,0,978
2020,WASHINGTON HEIGHTS,TRUE,25169,544,95,23953,17,31,0,76,453,20145,391,67,19239,14,25,0,68,341,5024,153,28,4714,3,6,0,8,112,0.093476180009192,10493,9580,913,164,164,0,0,164,0,0,0,0,0
2020,WASHINGTON PARK,TRUE,12707,380,110,11924,22,16,4,30,221,8939,223,101,8403,19,10,2,20,161,3768,157,9,3521,3,6,2,10,60,0.118160216527069,5986,5168,818,60,0,0,0,0,0,60,0,0,60
2020,WEST ELSDON,TRUE,18394,15545,1939,279,26,487,2,48,68,13677,11185,1777,202,22,411,0,33,47,4717,4360,162,77,4,76,2,15,21,0.273718984220914,5532,5258,274,15,0,0,0,0,0,15,0,0,15
2020,WEST ENGLEWOOD,TRUE,29647,5832,177,22912,26,45,8,106,541,21868,3540,134,17658,25,26,6,74,405,7779,2292,43,5254,1,19,2,32,136,0.363657307556226,12458,9971,2487,84,0,0,0,0,0,84,0,0,84
2020,WEST GARFIELD PARK,TRUE,17433,1157,231,15604,45,21,3,49,323,12850,717,211,11597,41,13,3,27,241,4583,440,20,4007,4,8,0,22,82,0.193884890510938,7751,6573,1178,388,258,258,0,0,0,130,0,0,130
2020,WEST LAWN,TRUE,33662,29378,2853,1059,14,172,1,46,139,24665,20863,2658,851,13,155,1,30,94,8997,8515,195,208,1,17,0,16,45,0.230115693567173,9710,9244,466,59,37,0,0,37,0,22,0,0,22
2020,WEST PULLMAN,TRUE,26104,1598,210,23645,28,25,1,110,487,19960,1120,180,18200,27,17,1,88,327,6144,478,30,5445,1,8,0,22,160,0.17534650525412,10944,9650,1294,17,0,0,0,0,0,17,0,0,17
2020,WEST RIDGE,TRUE,77122,15307,28212,10484,178,19815,6,721,2399,58160,11048,22275,7589,111,15089,5,478,1565,18962,4259,5937,2895,67,4726,1,243,834,0.741236139459123,28249,26493,1756,1591,1274,0,0,1274,0,317,24,0,293
2020,WEST TOWN,TRUE,86659,18550,53525,5643,77,5034,20,322,3488,75022,14865,48362,4465,65,4527,16,245,2477,11637,3685,5163,1178,12,507,4,77,1011,0.56343755859678,45559,42328,3231,502,248,0,28,220,0,254,0,0,254
2020,WOODLAWN,TRUE,26676,1025,1934,21906,40,758,4,124,885,20879,743,1757,16895,32,703,4,104,641,5797,282,177,5011,8,55,0,20,244,0.316986414741345,13978,11907,2071,1432,229,0,0,229,0,1203,1176,0,27
